t,x,y,z,yaw
11.543000,-5.010457,2.983885,-0.175507,-0.012529
11.643000,-4.950245,2.976863,-0.201573,-0.012529
11.743000,-4.862583,2.964596,-0.236596,-0.012529
11.843000,-4.762751,2.960589,-0.277111,-0.012529
11.943000,-4.659549,2.972597,-0.321119,-0.012529
12.043000,-4.557979,3.007045,-0.367775,-0.012529
12.143000,-4.459436,3.058671,-0.415827,-0.012529
12.243000,-4.362235,3.117358,-0.464420,-0.012529
12.343000,-4.267978,3.168074,-0.510825,-0.012529
12.443000,-4.185205,3.201850,-0.550734,-0.012529
12.543000,-4.121983,3.211982,-0.580330,-0.012529
12.643000,-4.085942,3.209375,-0.598480,-0.012529
12.743000,-4.075385,3.208036,-0.607798,-0.012529
12.843000,-4.077033,3.207305,-0.612885,-0.012529
12.943000,-4.078816,3.206581,-0.617926,-0.012529
13.043000,-4.080599,3.205857,-0.622966,-0.012529
13.143000,-4.082382,3.205132,-0.628007,-0.012529
13.243000,-4.084165,3.204408,-0.633048,-0.012529
13.343000,-4.085949,3.203684,-0.638088,-0.012529
13.443000,-4.087732,3.202960,-0.643129,-0.012529
13.543000,-4.089515,3.202235,-0.648169,-0.012529
13.643000,-4.091298,3.201511,-0.653210,-0.012529
13.743000,-4.093081,3.200787,-0.658251,-0.012529
13.843000,-4.094864,3.200063,-0.663291,-0.012529
13.943000,-4.096647,3.199338,-0.668332,-0.012529
14.043000,-4.098430,3.198614,-0.673372,-0.012529
14.143000,-4.100213,3.197890,-0.678413,-0.012529
14.243000,-4.101996,3.197166,-0.683453,-0.012529
14.343000,-4.103780,3.196442,-0.688494,-0.012529
14.443000,-4.105563,3.195717,-0.693535,-0.012529
14.543000,-4.107346,3.194993,-0.698575,-0.012529
14.643000,-4.109129,3.194269,-0.703616,-0.012529
14.743000,-4.110912,3.193545,-0.708656,-0.012529
14.843000,-4.112695,3.192820,-0.713697,-0.012529
14.943000,-4.114478,3.192096,-0.718738,-0.012529
15.043000,-4.116261,3.191372,-0.723778,-0.012529
15.143000,-4.118044,3.190648,-0.728819,-0.012529
15.243000,-4.119827,3.189924,-0.733859,-0.012529
15.343000,-4.121611,3.189199,-0.738900,-0.012529
15.443000,-4.123394,3.188475,-0.743940,-0.012529
15.543000,-4.125177,3.187751,-0.748981,-0.012529
15.643000,-4.126960,3.187027,-0.754022,-0.012529
15.743000,-4.128743,3.186302,-0.759062,-0.012529
15.843000,-4.130526,3.185578,-0.764103,-0.012529
15.943000,-4.132309,3.184854,-0.769143,-0.012529
16.043000,-4.134092,3.184130,-0.774184,-0.012529
16.143000,-4.135875,3.183405,-0.779225,-0.012529
16.243000,-4.137658,3.182681,-0.784265,-0.012529
16.343000,-4.139442,3.181957,-0.789306,-0.012529
16.443000,-4.141225,3.181233,-0.794346,-0.012529
16.543000,-4.143008,3.180509,-0.799387,-0.012529
16.643000,-4.144791,3.179784,-0.804427,-0.012529
16.743000,-4.146574,3.179060,-0.809468,-0.012529
16.843000,-4.148357,3.178336,-0.814509,-0.012529
16.943000,-4.150140,3.177612,-0.819549,-0.012529
17.043000,-4.151923,3.176887,-0.824590,-0.012529
17.143000,-4.153706,3.176163,-0.829630,-0.012529
17.243000,-4.155489,3.175439,-0.834671,-0.012529
17.343000,-4.157273,3.174715,-0.839712,-0.012529
17.443000,-4.159056,3.173991,-0.844752,-0.012529
17.543000,-4.160839,3.173266,-0.849793,-0.012529
17.643000,-4.162622,3.172542,-0.854833,-0.012529
17.743000,-4.164405,3.171818,-0.859874,-0.012529
17.843000,-4.166188,3.171094,-0.864914,-0.012529
17.943000,-4.167971,3.170369,-0.869955,-0.012529
18.043000,-4.169754,3.169645,-0.874996,-0.012529
18.143000,-4.171537,3.168921,-0.880036,-0.012529
18.243000,-4.173320,3.168197,-0.885077,-0.012529
18.343000,-4.175104,3.167473,-0.890117,-0.012529
18.443000,-4.176887,3.166748,-0.895158,-0.012529
18.543000,-4.178670,3.166024,-0.900199,-0.012529
18.643000,-4.180453,3.165300,-0.905239,-0.012529
18.743000,-4.182236,3.164576,-0.910280,-0.012529
18.843000,-4.184019,3.163851,-0.915320,-0.012529
18.943000,-4.185802,3.163127,-0.920361,-0.012529
19.043000,-4.187585,3.162403,-0.925401,-0.012529
19.143000,-4.189368,3.161679,-0.930442,-0.012529
19.243000,-4.191151,3.160954,-0.935483,-0.012529
19.343000,-4.192935,3.160230,-0.940523,-0.012529
19.443000,-4.194718,3.159506,-0.945564,-0.012529
19.543000,-4.196501,3.158782,-0.950604,-0.012529
19.643000,-4.198284,3.158058,-0.955645,-0.012529
19.743000,-4.200067,3.157333,-0.960686,-0.012529
19.843000,-4.201850,3.156609,-0.965726,-0.012529
19.943000,-4.203633,3.155885,-0.970767,-0.012529
20.043000,-4.205416,3.155161,-0.975807,-0.012529
20.143000,-4.207199,3.154436,-0.980848,-0.012529
20.243000,-4.208983,3.153712,-0.985888,-0.012529
20.343000,-4.210766,3.152988,-0.990929,-0.012529
20.443000,-4.212549,3.152264,-0.995970,-0.012529
20.543000,-4.214332,3.151540,-1.001010,-0.012529
20.643000,-4.216115,3.150815,-1.006051,-0.012529
20.743000,-4.217898,3.150091,-1.011091,-0.012529
20.843000,-4.219681,3.149367,-1.016132,-0.012529
20.943000,-4.221464,3.148643,-1.021172,-0.012529
21.043000,-4.223247,3.147918,-1.026213,-0.012529
21.143000,-4.225030,3.147194,-1.031254,-0.012529
21.243000,-4.226814,3.146470,-1.036294,-0.012529
21.343000,-4.228597,3.145746,-1.041335,-0.012529
21.443000,-4.230380,3.145021,-1.046375,-0.012529
21.543000,-4.232163,3.144297,-1.051416,-0.012529
21.643000,-4.233946,3.143573,-1.056457,-0.012529
21.743000,-4.235111,3.143765,-1.060701,-0.010112
21.843000,-4.236218,3.144058,-1.064873,-0.008039
21.943000,-4.237357,3.144309,-1.069078,-0.006513
22.043000,-4.238528,3.144516,-1.073313,-0.005511
22.143000,-4.239731,3.144680,-1.077575,-0.005011
22.243000,-4.240964,3.144801,-1.081861,-0.004996
22.343000,-4.242229,3.144878,-1.086168,-0.005451
22.443000,-4.243523,3.144911,-1.090492,-0.006362
22.543000,-4.244847,3.144900,-1.094831,-0.007719
22.643000,-4.246200,3.144845,-1.099182,-0.009512
22.743000,-4.247581,3.144744,-1.103542,-0.011734
22.843000,-4.248990,3.144597,-1.107908,-0.014380
22.943000,-4.249816,3.144993,-1.110378,-0.015430
23.043000,-4.249826,3.145022,-1.110378,-0.015981
23.143000,-4.249835,3.145045,-1.110378,-0.016537
23.243000,-4.249844,3.145067,-1.110378,-0.017092
23.343000,-4.249852,3.145081,-1.110379,-0.017651
23.443000,-4.249856,3.145076,-1.110381,-0.017701
23.543000,-4.249858,3.145070,-1.110380,-0.017746
23.643000,-4.249860,3.145065,-1.110378,-0.017791
23.743000,-4.249862,3.145060,-1.110377,-0.017836
23.843000,-4.249864,3.145055,-1.110375,-0.017881
23.943000,-4.249867,3.145050,-1.110374,-0.017927
24.043000,-4.249869,3.145045,-1.110372,-0.017972
24.143000,-4.249871,3.145039,-1.110371,-0.018017
24.243000,-4.249873,3.145034,-1.110369,-0.018062
24.343000,-4.249875,3.145029,-1.110368,-0.018107
24.443000,-4.249878,3.145024,-1.110366,-0.018152
24.543000,-4.249880,3.145019,-1.110365,-0.018197
24.643000,-4.249882,3.145014,-1.110363,-0.018242
24.743000,-4.249884,3.145009,-1.110362,-0.018287
24.843000,-4.249886,3.145003,-1.110360,-0.018332
24.943000,-4.250169,3.145017,-1.110278,-0.018401
25.043000,-4.250173,3.145049,-1.110259,-0.019051
25.143000,-4.250185,3.145067,-1.110260,-0.019727
25.243000,-4.250483,3.145092,-1.110161,-0.019985
25.343000,-4.250793,3.145131,-1.110069,-0.020689
25.443000,-4.250803,3.145166,-1.110069,-0.021271
25.543000,-4.253343,3.145293,-1.109180,-0.021370
25.643000,-4.256114,3.145428,-1.108219,-0.021393
25.743000,-4.258962,3.145599,-1.107236,-0.021923
25.843000,-4.261788,3.145757,-1.106260,-0.022346
25.943000,-4.264635,3.145931,-1.105277,-0.022870
26.043000,-4.267461,3.146092,-1.104301,-0.023285
26.143000,-4.270309,3.146268,-1.103319,-0.023808
26.243000,-4.273135,3.146432,-1.102343,-0.024226
26.343000,-4.275979,3.146606,-1.101357,-0.024647
26.443000,-4.278819,3.146742,-1.100371,-0.024737
26.543000,-4.281660,3.146877,-1.099386,-0.024826
26.643000,-4.284501,3.147013,-1.098401,-0.024915
26.743000,-4.287342,3.147150,-1.097415,-0.025004
26.843000,-4.290183,3.147286,-1.096430,-0.025093
26.943000,-4.293024,3.147423,-1.095445,-0.025181
27.043000,-4.295865,3.147561,-1.094459,-0.025270
27.143000,-4.298705,3.147698,-1.093474,-0.025359
27.243000,-4.301546,3.147836,-1.092489,-0.025447
27.343000,-4.304387,3.147974,-1.091504,-0.025536
27.443000,-4.307228,3.148112,-1.090519,-0.025624
27.543000,-4.310069,3.148251,-1.089534,-0.025712
27.643000,-4.312910,3.148389,-1.088549,-0.025800
27.743000,-4.315751,3.148529,-1.087564,-0.025888
27.843000,-4.318591,3.148668,-1.086579,-0.025976
27.943000,-4.321432,3.148808,-1.085594,-0.026064
28.043000,-4.324273,3.148948,-1.084609,-0.026152
28.143000,-4.327114,3.149088,-1.083624,-0.026239
28.243000,-4.329955,3.149229,-1.082640,-0.026326
28.343000,-4.332796,3.149369,-1.081655,-0.026413
28.443000,-4.335636,3.149511,-1.080670,-0.026500
28.543000,-4.338465,3.149669,-1.079692,-0.026839
28.643000,-4.341356,3.149861,-1.078701,-0.027323
28.743000,-4.344185,3.150041,-1.077727,-0.027733
28.843000,-4.347056,3.150231,-1.076734,-0.028187
28.943000,-4.349906,3.150411,-1.075760,-0.028630
29.043000,-4.352750,3.150607,-1.074774,-0.029149
29.143000,-4.355593,3.150788,-1.073794,-0.029583
29.243000,-4.358440,3.150984,-1.072815,-0.030105
29.343000,-4.361293,3.151180,-1.071837,-0.030537
29.443000,-4.364164,3.151367,-1.070850,-0.030883
29.543000,-4.367042,3.151572,-1.069876,-0.031277
29.643000,-4.369874,3.151732,-1.068883,-0.031570
29.743000,-4.372741,3.151927,-1.067896,-0.031972
29.843000,-4.375620,3.152125,-1.066908,-0.032438
29.943000,-4.378449,3.152305,-1.065932,-0.032826
30.043000,-4.381316,3.152526,-1.064949,-0.033462
30.143000,-4.384190,3.152732,-1.063957,-0.033850
30.243000,-4.387049,3.152931,-1.062979,-0.034173
30.343000,-4.389776,3.153118,-1.062041,-0.034645
30.443000,-4.392226,3.153260,-1.061194,-0.034620
30.543000,-4.394650,3.153555,-1.060123,-0.030369
30.643000,-4.397069,3.153826,-1.059077,-0.025733
30.743000,-4.397861,3.153869,-1.058775,-0.022350
30.843000,-4.397542,3.153787,-1.059014,-0.019631
30.943000,-4.397204,3.153702,-1.059235,-0.016989
31.043000,-4.396858,3.153620,-1.059518,-0.014156
31.143000,-4.396611,3.153557,-1.059687,-0.012185
31.243000,-4.396611,3.153557,-1.059682,-0.012190
31.343000,-4.396612,3.153543,-1.059682,-0.012158
31.443000,-4.396611,3.153538,-1.059684,-0.012137
31.543000,-4.396611,3.153538,-1.059679,-0.012138
31.643000,-4.396611,3.153538,-1.059679,-0.012138
31.743000,-4.396612,3.153537,-1.059679,-0.012141
31.843000,-4.396602,3.153527,-1.059681,-0.012121
31.943000,-4.396609,3.153519,-1.059692,-0.012098
32.043000,-4.396606,3.153517,-1.059683,-0.012090
32.143000,-4.396604,3.153513,-1.059678,-0.012097
32.243000,-4.396603,3.153504,-1.059682,-0.012059
32.343000,-4.396603,3.153496,-1.059682,-0.012055
32.443000,-4.396601,3.153492,-1.059677,-0.012043
32.543000,-4.396598,3.153490,-1.059676,-0.012030
32.643000,-4.396601,3.153490,-1.059676,-0.012046
32.743000,-4.396600,3.153483,-1.059680,-0.012030
32.843000,-4.396598,3.153481,-1.059676,-0.012031
32.943000,-4.396595,3.153477,-1.059676,-0.012038
33.043000,-4.396590,3.153470,-1.059684,-0.012042
33.143000,-4.396582,3.153469,-1.059680,-0.012079
33.243000,-4.396588,3.153466,-1.059692,-0.012052
33.343000,-4.396580,3.153466,-1.059680,-0.012060
33.443000,-4.396581,3.153463,-1.059679,-0.012057
33.543000,-4.396585,3.153458,-1.059682,-0.012017
33.643000,-4.396577,3.153454,-1.059681,-0.012028
33.743000,-4.396570,3.153443,-1.059684,-0.012025
33.843000,-4.396572,3.153439,-1.059685,-0.012003
33.943000,-4.396571,3.153434,-1.059678,-0.012004
34.043000,-4.396571,3.153426,-1.059677,-0.011977
34.143000,-4.396572,3.153419,-1.059680,-0.011957
34.243000,-4.396567,3.153413,-1.059682,-0.011950
34.343000,-4.396566,3.153406,-1.059681,-0.011913
34.443000,-4.396567,3.153401,-1.059676,-0.011904
34.543000,-4.396570,3.153399,-1.059679,-0.011923
34.643000,-4.396564,3.153387,-1.059679,-0.011910
34.743000,-4.396560,3.153391,-1.059684,-0.011958
34.843000,-4.396549,3.153387,-1.059682,-0.011946
34.943000,-4.396552,3.153376,-1.059685,-0.011960
35.043000,-4.396547,3.153377,-1.059678,-0.011957
35.143000,-4.396547,3.153375,-1.059678,-0.011962
35.243000,-4.396543,3.153378,-1.059680,-0.011980
35.343000,-4.396544,3.153379,-1.059680,-0.011983
35.443000,-4.396544,3.153377,-1.059682,-0.011978
35.543000,-4.396539,3.153371,-1.059686,-0.011994
35.643000,-4.396535,3.153364,-1.059687,-0.011977
35.743000,-4.396534,3.153361,-1.059681,-0.011976
35.843000,-4.396535,3.153353,-1.059682,-0.011956
35.943000,-4.396535,3.153353,-1.059693,-0.011976
36.043000,-4.396535,3.153349,-1.059687,-0.011961
36.143000,-4.396525,3.153340,-1.059681,-0.011947
36.243000,-4.396521,3.153328,-1.059681,-0.011936
36.343000,-4.396519,3.153322,-1.059681,-0.011930
36.443000,-4.396509,3.153310,-1.059683,-0.011912
36.543000,-4.396511,3.153311,-1.059682,-0.011918
36.643000,-4.396506,3.153305,-1.059682,-0.011945
36.743000,-4.396504,3.153305,-1.059683,-0.011965
36.843000,-4.396499,3.153298,-1.059684,-0.011948
36.943000,-4.396500,3.153297,-1.059684,-0.011957
37.043000,-4.396499,3.153287,-1.059683,-0.011929
37.143000,-4.396497,3.153286,-1.059683,-0.011925
37.243000,-4.396497,3.153287,-1.059683,-0.011928
37.343000,-4.396498,3.153282,-1.059684,-0.011907
37.443000,-4.396498,3.153280,-1.059687,-0.011928
37.543000,-4.396499,3.153282,-1.059687,-0.011916
37.643000,-4.396494,3.153277,-1.059686,-0.011914
37.743000,-4.396491,3.153276,-1.059684,-0.011932
37.843000,-4.396487,3.153267,-1.059684,-0.011891
37.943000,-4.396490,3.153258,-1.059685,-0.011888
38.043000,-4.396488,3.153252,-1.059686,-0.011885
38.143000,-4.396482,3.153252,-1.059683,-0.011902
38.243000,-4.396477,3.153247,-1.059685,-0.011895
38.343000,-4.396474,3.153233,-1.059692,-0.011889
38.443000,-4.396469,3.153234,-1.059685,-0.011924
38.543000,-4.396468,3.153230,-1.059694,-0.011925
38.643000,-4.396460,3.153225,-1.059687,-0.011917
38.743000,-4.396463,3.153226,-1.059692,-0.011934
38.843000,-4.396461,3.153226,-1.059690,-0.011935
38.943000,-4.396461,3.153223,-1.059687,-0.011922
39.043000,-4.396464,3.153213,-1.059693,-0.011885
39.143000,-4.396458,3.153212,-1.059691,-0.011895
39.243000,-4.396459,3.153201,-1.059693,-0.011858
39.343000,-4.396460,3.153185,-1.059682,-0.011810
39.443000,-4.396460,3.153186,-1.059682,-0.011791
39.543000,-4.396461,3.153187,-1.059682,-0.011807
39.643000,-4.396462,3.153187,-1.059681,-0.011810
39.743000,-4.396463,3.153177,-1.059685,-0.011783
39.843000,-4.396462,3.153177,-1.059683,-0.011789
39.943000,-4.396458,3.153174,-1.059686,-0.011775
40.043000,-4.396457,3.153175,-1.059681,-0.011783
40.143000,-4.396450,3.153170,-1.059683,-0.011779
40.243000,-4.396450,3.153164,-1.059682,-0.011762
40.343000,-4.396589,3.153164,-1.059640,-0.011073
40.443000,-4.396726,3.153173,-1.059594,-0.010382
40.543000,-4.396926,3.153188,-1.059505,-0.010111
40.643000,-4.396858,3.153182,-1.059546,-0.009721
40.743000,-4.396987,3.153201,-1.059498,-0.009070
40.843000,-4.397645,3.153272,-1.059223,-0.007968
40.943000,-4.399921,3.153548,-1.058248,-0.003181
41.043000,-4.402371,3.153750,-1.057161,0.002182
41.143000,-4.404942,3.153931,-1.056058,0.007656
41.243000,-4.407610,3.154042,-1.054910,0.013066
41.343000,-4.410388,3.154143,-1.053728,0.018075
41.443000,-4.413277,3.154338,-1.052542,0.020783
41.543000,-4.416275,3.154489,-1.051368,0.022915
41.643000,-4.419286,3.154624,-1.050240,0.024315
41.743000,-4.422391,3.154710,-1.049130,0.025302
41.843000,-4.425503,3.154759,-1.048019,0.026220
41.943000,-4.428617,3.154763,-1.046908,0.027103
42.043000,-4.431737,3.154720,-1.045802,0.027918
42.143000,-4.434864,3.154634,-1.044694,0.028613
42.243000,-4.437909,3.154632,-1.043623,0.029549
42.343000,-4.440893,3.154666,-1.042574,0.030767
42.443000,-4.443856,3.154686,-1.041549,0.031816
42.543000,-4.446785,3.154715,-1.040508,0.033117
42.643000,-4.449685,3.154724,-1.039473,0.033947
42.743000,-4.452533,3.154737,-1.038474,0.034864
42.843000,-4.455394,3.154742,-1.037475,0.036014
42.943000,-4.458245,3.154745,-1.036457,0.037113
43.043000,-4.461101,3.154741,-1.035438,0.038269
43.143000,-4.463957,3.154742,-1.034422,0.039445
43.243000,-4.466823,3.154734,-1.033409,0.040569
43.343000,-4.469644,3.154732,-1.032423,0.041785
43.443000,-4.472470,3.154732,-1.031433,0.043193
43.543000,-4.475288,3.154716,-1.030415,0.044479
43.643000,-4.478137,3.154707,-1.029406,0.045630
43.743000,-4.480976,3.154689,-1.028420,0.046637
43.843000,-4.483796,3.154663,-1.027407,0.047744
43.943000,-4.486619,3.154630,-1.026394,0.048908
44.043000,-4.489452,3.154603,-1.025407,0.050033
44.143000,-4.492271,3.154568,-1.024395,0.051141
44.243000,-4.495094,3.154525,-1.023381,0.052302
44.343000,-4.497926,3.154488,-1.022394,0.053423
44.443000,-4.500744,3.154442,-1.021379,0.054528
44.543000,-4.503567,3.154389,-1.020365,0.055685
44.643000,-4.506398,3.154341,-1.019376,0.056802
44.743000,-4.509216,3.154285,-1.018360,0.057905
44.843000,-4.512038,3.154221,-1.017344,0.059060
44.943000,-4.514869,3.154163,-1.016354,0.060177
45.043000,-4.517687,3.154097,-1.015336,0.061279
45.143000,-4.520508,3.154023,-1.014319,0.062436
45.243000,-4.523339,3.153955,-1.013327,0.063556
45.343000,-4.526156,3.153879,-1.012309,0.064662
45.443000,-4.528977,3.153796,-1.011290,0.065823
45.543000,-4.531794,3.153715,-1.010295,0.066986
45.643000,-4.534638,3.153638,-1.009273,0.068317
45.743000,-4.537476,3.153556,-1.008258,0.069601
45.843000,-4.540331,3.153461,-1.007241,0.070829
45.943000,-4.543155,3.153363,-1.006207,0.071884
46.043000,-4.545988,3.153267,-1.005197,0.072935
46.143000,-4.545989,3.153300,-1.005211,0.073573
46.243000,-4.545988,3.153333,-1.005216,0.074198
46.343000,-4.545987,3.153366,-1.005221,0.074823
46.443000,-4.545986,3.153400,-1.005226,0.075448
46.543000,-4.545985,3.153433,-1.005231,0.076073
46.643000,-4.545984,3.153466,-1.005236,0.076697
46.743000,-4.545983,3.153499,-1.005241,0.077322
46.843000,-4.545983,3.153532,-1.005246,0.077947
46.943000,-4.545982,3.153565,-1.005251,0.078572
47.043000,-4.545981,3.153598,-1.005256,0.079197
47.143000,-4.545980,3.153631,-1.005261,0.079822
47.243000,-4.545978,3.153667,-1.005267,0.080475
47.343000,-4.545977,3.153700,-1.005273,0.081110
47.443000,-4.545976,3.153735,-1.005278,0.081757
47.543000,-4.545974,3.153770,-1.005284,0.082413
47.643000,-4.545972,3.153805,-1.005289,0.083066
47.743000,-4.545965,3.153850,-1.005282,0.083774
47.843000,-4.545969,3.153874,-1.005300,0.084356
47.943000,-4.545962,3.153918,-1.005293,0.085022
48.043000,-4.545966,3.153943,-1.005311,0.085659
48.143000,-4.545964,3.153978,-1.005317,0.086314
48.243000,-4.545962,3.154013,-1.005323,0.086967
48.343000,-4.545956,3.154058,-1.005315,0.087676
48.443000,-4.545959,3.154082,-1.005334,0.088258
48.543000,-4.545953,3.154126,-1.005326,0.088923
48.643000,-4.545956,3.154151,-1.005345,0.089561
48.743000,-4.545955,3.154187,-1.005350,0.090216
48.843000,-4.545953,3.154222,-1.005356,0.090869
48.943000,-4.545947,3.154267,-1.005348,0.091578
49.043000,-4.545951,3.154291,-1.005367,0.092160
49.143000,-4.545944,3.154335,-1.005359,0.092825
49.243000,-4.545948,3.154360,-1.005378,0.093462
49.343000,-4.545946,3.154395,-1.005383,0.094118
49.443000,-4.545945,3.154431,-1.005389,0.094771
49.543000,-4.545939,3.154475,-1.005381,0.095480
49.643000,-4.545943,3.154499,-1.005400,0.096062
49.743000,-4.545937,3.154543,-1.005392,0.096727
49.843000,-4.545940,3.154569,-1.005410,0.097364
49.943000,-4.545939,3.154604,-1.005416,0.098020
50.043000,-4.545937,3.154639,-1.005421,0.098673
50.143000,-4.545932,3.154684,-1.005414,0.099382
50.243000,-4.545936,3.154708,-1.005432,0.099964
50.343000,-4.545930,3.154752,-1.005424,0.100629
50.443000,-4.545933,3.154777,-1.005443,0.101267
50.543000,-4.545932,3.154813,-1.005448,0.101922
50.643000,-4.545931,3.154848,-1.005454,0.102575
50.743000,-4.545925,3.154893,-1.005446,0.103284
50.843000,-4.545929,3.154917,-1.005464,0.103866
50.943000,-4.545924,3.154961,-1.005457,0.104531
51.043000,-4.545927,3.154986,-1.005475,0.105169
51.143000,-4.545926,3.155021,-1.005480,0.105824
51.243000,-4.545925,3.155057,-1.005486,0.106477
51.343000,-4.545920,3.155102,-1.005478,0.107186
51.443000,-4.545924,3.155126,-1.005496,0.107768
51.543000,-4.545918,3.155170,-1.005488,0.108433
51.643000,-4.545922,3.155195,-1.005507,0.109071
51.743000,-4.545921,3.155230,-1.005512,0.109726
51.843000,-4.545920,3.155266,-1.005518,0.110380
51.943000,-4.545919,3.155301,-1.005523,0.111035
52.043000,-4.545919,3.155336,-1.005528,0.111691
52.143000,-4.545918,3.155371,-1.005534,0.112346
52.243000,-4.545917,3.155406,-1.005539,0.113001
52.343000,-4.545916,3.155442,-1.005544,0.113657
52.443000,-4.545915,3.155477,-1.005550,0.114312
52.543000,-4.545914,3.155512,-1.005555,0.114968
52.643000,-4.545914,3.155547,-1.005560,0.115623
52.743000,-4.545913,3.155582,-1.005566,0.116279
52.843000,-4.545912,3.155617,-1.005571,0.116934
52.943000,-4.545911,3.155653,-1.005576,0.117590
53.043000,-4.545911,3.155688,-1.005582,0.118245
53.143000,-4.545910,3.155723,-1.005587,0.118901
53.243000,-4.545909,3.155758,-1.005592,0.119556
53.343000,-4.545909,3.155793,-1.005597,0.120212
53.443000,-4.545908,3.155828,-1.005603,0.120867
53.543000,-4.545908,3.155864,-1.005608,0.121523
53.643000,-4.545907,3.155899,-1.005613,0.122178
53.743000,-4.545907,3.155934,-1.005618,0.122834
53.843000,-4.545906,3.155969,-1.005624,0.123489
53.943000,-4.545906,3.156004,-1.005629,0.124145
54.043000,-4.545905,3.156040,-1.005634,0.124800
54.143000,-4.545905,3.156075,-1.005639,0.125456
54.243000,-4.545905,3.156110,-1.005644,0.126112
54.343000,-4.545904,3.156145,-1.005650,0.126767
54.443000,-4.545904,3.156180,-1.005655,0.127423
54.543000,-4.545904,3.156216,-1.005660,0.128078
54.643000,-4.545903,3.156251,-1.005665,0.128734
54.743000,-4.545903,3.156286,-1.005670,0.129389
54.843000,-4.545903,3.156321,-1.005675,0.130045
54.943000,-4.545902,3.156356,-1.005681,0.130700
55.043000,-4.545902,3.156392,-1.005686,0.131356
55.143000,-4.545902,3.156427,-1.005691,0.132011
55.243000,-4.545902,3.156462,-1.005696,0.132667
55.343000,-4.545902,3.156497,-1.005701,0.133322
55.443000,-4.545902,3.156532,-1.005706,0.133978
55.543000,-4.545902,3.156568,-1.005711,0.134634
55.643000,-4.545902,3.156603,-1.005716,0.135289
55.743000,-4.545902,3.156638,-1.005721,0.135945
55.843000,-4.545902,3.156673,-1.005726,0.136600
55.943000,-4.545902,3.156709,-1.005731,0.137256
56.043000,-4.545902,3.156744,-1.005737,0.137911
56.143000,-4.545902,3.156779,-1.005742,0.138567
56.243000,-4.545902,3.156814,-1.005747,0.139222